,Área,Vaga,Nível,Contrato,Salário Base,Salário Máximo
0,Full-stack,Desenvolvedor(a) Full-stack PHP pleno,Junior - Pleno(2 a 4 anos de experiência),,,
1,Data Science,Engenheiro(a) de Dados Python,Pleno - Senior(4 a 6 anos de experiência),CLT," 11.100,00 "," 13.000,00"
2,Back-end,Desenvolvedor(a) C# pleno,Junior - Pleno(2 a 4 anos de experiência),,,
3,Data Science,Programador (a) de Dados Júnior / Pleno,Junior - Pleno(2 a 4 anos de experiência),CLT," 3.000,00 "," 5.000,00"
4,Front-end,Desenvolvedor(a) Front-end React (remoto),Pleno - Senior(4 a 6 anos de experiência),CLT," 9.700,00 "," 11.700,00"
5,Back-end,Desenvolvedor(a) Back-end Java (remoto),Pleno - Senior(4 a 6 anos de experiência),PJ," 13.000,00 "," 15.000,00"
6,Full-stack,Desenvolvedor(a) PHP DMAT_11,Junior - Pleno(2 a 4 anos de experiência),CLT," 4.700,00 "," 6.700,00"
7,Front-end,Desenvolvedor(a) Angular,Junior - Pleno(2 a 4 anos de experiência),,,
8,Front-end,Desenvolvedor(a) Front-end HTML5 (remoto),Junior - Pleno(2 a 4 anos de experiência),PJ," 3.000,00 "," 5.000,00"
9,Back-end,Desenvolvedor(a) Back-end PHP,Pleno - Senior(4 a 6 anos de experiência),CLT," 12.500,00 "," 14.500,00"
10,Front-end,Tech Lead,Junior - Pleno(2 a 4 anos de experiência),CLT," 9.500,00 "," 10.000,00"
11,Front-end,Desenvolvedor(a) Front-end Angular pleno (remoto),Pleno - Senior(4 a 6 anos de experiência),PJ," 7.000,00 "," 9.000,00"
12,Data Science,Cientista de Dados pleno R (remoto),Pleno - Senior(4 a 6 anos de experiência),PJ," 5.500,00 "," 7.400,00"
13,Back-end,Desenvolvedor(a) sênior Back-end Java (remoto),Senior(Mais de 6 anos de experiência),,,
14,Full-stack,Desenvolvedor(a) Full-stack pleno,Junior - Pleno(2 a 4 anos de experiência),,,
15,Back-end,Desenvolvedor(a) Node.js júnior,Junior(0 a 2 anos de experiência),,,
16,Back-end,Tech Lead - C#,Pleno - Senior(4 a 6 anos de experiência),,,
17,Full-stack,Desenvolvedor(a) Full-stack WordPress júnior (remoto),Junior(0 a 2 anos de experiência),PJ," 2.000,00 "," 4.000,00"
18,Back-end,Desenvolvedor(a) Back-end pleno .NET BJF_18238,Junior - Pleno(2 a 4 anos de experiência),,,
19,Back-end,Desenvolvedor(a) Node.js pleno,Junior - Pleno(2 a 4 anos de experiência),,,
20,Mobile,Desenvolvedor(a) Mobile iOS,Junior - Pleno(2 a 4 anos de experiência),,,
21,Mobile,Desenvolvedor(a) Mobile Flutter pleno (remoto),Junior - Pleno(2 a 4 anos de experiência),,,
22,Full-stack,Desenvolvedor(a) Full-stack,Junior - Pleno(2 a 4 anos de experiência),CLT," 7.000,00 "," 9.000,00"
23,Back-end,Desenvolvedor(a) Back-end Ruby on Rails pleno (remoto),Junior - Pleno(2 a 4 anos de experiência),CLT," 6.500,00 "," 7.500,00"
24,Front-end,Desenvolvedor(a) Front-end júnior,Junior(0 a 2 anos de experiência),PJ," 4.500,00 "," 5.000,00"
25,Full-stack,Desenvolvedor(a) Full-stack pleno,Junior - Pleno(2 a 4 anos de experiência),PJ," 4.900,00 "," 6.000,00"
26,Front-end,Desenvolvedor(a) Front-end Angular (39),Junior - Pleno(2 a 4 anos de experiência),CLT," 8.300,00 "," 10.000,00"
27,Back-end,Desenvolvedor(a) Back-end C# (remoto) (39),Pleno - Senior(4 a 6 anos de experiência),CLT," 8.500,00 "," 10.000,00"
28,Full-stack,"Desenvolvedor Full-Stack Senior Python, Django, Node.js, React.js (remoto)",Senior(Mais de 6 anos de experiência),PJ," 13.000,00 "," 15.000,00"
29,Back-end,Desenvolvedor(a) Back-end sênior Java (remoto),Senior(Mais de 6 anos de experiência),PJ," 12.000,00 "," 14.000,00"
30,Mobile,Desenvolvedor(a) Flutter (remoto),Junior - Pleno(2 a 4 anos de experiência),PJ," 10.000,00 "," 12.000,00"
31,Mobile,Desenvolvedor(a) Mobile Flutter pleno (remoto),Junior - Pleno(2 a 4 anos de experiência),CLT," 4.500,00 "," 6.500,00"
32,Full-stack,Desenvolvedor(a) Full-stack pleno Node.js (remoto),Junior - Pleno(2 a 4 anos de experiência),,,
33,Full-stack,Desenvolvedor(a) Full-stack pleno (remoto),Junior - Pleno(2 a 4 anos de experiência),CLT," 5.900,00 "," 7.900,00"
34,Back-end,Desenvolvedor(a) Back-end Java,Junior - Pleno(2 a 4 anos de experiência),CLT," 8.000,00 "," 10.000,00"
35,Back-end,Desenvolvedor(a) sênior Back-end Python (remoto),Senior(Mais de 6 anos de experiência),PJ," 14.600,00 "," 16.600,00"
36,Front-end,Desenvolvedor(a) Front-end React sênior (remoto),Senior(Mais de 6 anos de experiência),PJ," 12.000,00 "," 14.000,00"
37,Full-stack,Desenvolvedor Full-Stack Senior React.js Node.js (remoto),Senior(Mais de 6 anos de experiência),PJ," 12.500,00 "," 14.000,00"
38,Mobile,Desenvolvedor(a) Mobile,Junior - Pleno(2 a 4 anos de experiência),,,
39,Back-end,Desenvolvedor(a) Back-end,Pleno - Senior(4 a 6 anos de experiência),,,
40,Data Science,Engenheiro(a) de Dados pleno (remoto) Python,Junior - Pleno(2 a 4 anos de experiência),,,
41,Front-end,Desenvolvedor(a) Front-end React (remoto),Pleno - Senior(4 a 6 anos de experiência),,,
42,Front-end,Desenvolvedor(a) Front-end (remoto),Pleno - Senior(4 a 6 anos de experiência),,,
43,Full-stack,Desenvolvedor(a) Full-stack Node.js (remoto),Junior(0 a 2 anos de experiência),,,
44,Front-end,Desenvolvedor(a) Front-end .NET Core,Junior - Pleno(2 a 4 anos de experiência),,,
45,Back-end,Desenvolvedor(a) Back-end Node.js Sênior (Remoto),Pleno - Senior(4 a 6 anos de experiência),,,
46,Back-end,Desenvolvedor(a) Back-end Node.js pleno (remoto),Junior - Pleno(2 a 4 anos de experiência),,,
47,Back-end,Desenvolvedor(a) Back-end Ruby on Rails Pleno (Remoto),Junior - Pleno(2 a 4 anos de experiência),,,
48,Front-end,Desenvolvedor(a) Front-end (remoto),Junior - Pleno(2 a 4 anos de experiência),,,
49,Full-stack,Desenvolvedor(a) Full-stack .NET pleno,Junior - Pleno(2 a 4 anos de experiência),CLT," 8.000,00 "," 10.000,00"
50,Back-end,Desenvolvedor(a) Back-end Python (remoto),Pleno - Senior(4 a 6 anos de experiência),,,
51,Back-end,Desenvolvedor(a) Java (remoto) (35),Junior - Pleno(2 a 4 anos de experiência),,,
52,Mobile,Desenvolvedor(a) Flutter,Junior - Pleno(2 a 4 anos de experiência),,,
53,Back-end,Desenvolvedor(a) Back-end Node.js,Pleno - Senior(4 a 6 anos de experiência),,,
54,Front-end,Desenvolvedor(a) Front-end (remoto),Pleno - Senior(4 a 6 anos de experiência),,,
55,Data Science,Analista de Dados pleno Python,Junior - Pleno(2 a 4 anos de experiência),CLT," 3.500,00 "," 5.000,00"
56,Full-stack,Desenvolvedor(a) Full-stack júnior,Junior(0 a 2 anos de experiência),CLT," 6.000,00 "," 8.000,00"
57,Back-end,Desenvolvedor(a) Back-end Java (remoto),Junior - Pleno(2 a 4 anos de experiência),,,
58,Mobile,Desenvolvedor(a) Mobile React Native (Remoto),Junior - Pleno(2 a 4 anos de experiência),PJ," 6.000,00 "," 8.000,00"
59,Full-stack,Desenvolvedor(a) Full-stack pleno,Pleno - Senior(4 a 6 anos de experiência),,,
60,Full-stack,Desenvolvedor(a) Full-stack,Junior - Pleno(2 a 4 anos de experiência),CLT," 5.500,00 "," 7.500,00"
61,Full-stack,Desenvolvedor(a) Full-stack,Junior(0 a 2 anos de experiência),CLT," 3.500,00 "," 5.500,00"
62,Full-stack,Desenvolvedor(a) Full-stack pleno,Junior - Pleno(2 a 4 anos de experiência),CLT," 8.000,00 "," 9.000,00"
63,Data Science,Machine Learning Engineer,Pleno - Senior(4 a 6 anos de experiência),,,
64,Full-stack,Desenvolvedor(a) Full-stack Spring,Senior(Mais de 6 anos de experiência),PJ," 20.000,00 "," 22.000,00"
65,Full-stack,Desenvolvedor(a) PHP pleno Full-stack,Pleno - Senior(4 a 6 anos de experiência),PJ," 3.500,00 "," 4.500,00"
66,Front-end,Desenvolvedor(a) Front-end Ionic,Junior - Pleno(2 a 4 anos de experiência),CLT," 8.000,00 "," 9.500,00"
67,Full-stack,Desenvolvedor(a) Full-stack React (remoto),Junior - Pleno(2 a 4 anos de experiência),PJ," 10.000,00 "," 12.000,00"
68,Data Science,Engenheiro(a) de Dados ETL (remoto),Pleno - Senior(4 a 6 anos de experiência),CLT," 5.600,00 "," 7.000,00"
69,Back-end,Analista de Sistemas Pleno,Pleno - Senior(4 a 6 anos de experiência),,,
70,Full-stack,Desenvolvedor(a) Full-stack pleno,Pleno - Senior(4 a 6 anos de experiência),PJ," 9.000,00 "," 11.000,00"
71,Back-end,Desenvolvedor(a) .NET pleno Back-end,Junior - Pleno(2 a 4 anos de experiência),CLT," 5.000,00 "," 5.000,00"
72,Full-stack,Desenvolvedor(a) pleno JAVA EE Full-stack,Junior - Pleno(2 a 4 anos de experiência),CLT," 6.000,00 "," 7.000,00"
73,Front-end,Desenvolvedor(a) Front-end React sênior (remoto),Senior(Mais de 6 anos de experiência),,,
74,Front-end,Desenvolvedor(a) Front-end React sênior (remoto),Senior(Mais de 6 anos de experiência),,,
75,Data Science,Líder Técnico (remoto) sênior,Senior(Mais de 6 anos de experiência),CLT," 12.900,00 "," 14.894,00"
76,Data Science,Líder de Projetos (remoto),Senior(Mais de 6 anos de experiência),CLT," 9.100,00 "," 10.500,00"
77,Full-stack,Desenvolvedor(a) SAP (remoto) pleno,Junior - Pleno(2 a 4 anos de experiência),,,
78,Back-end,Desenvolvedor(a) Back-end .NET,Junior - Pleno(2 a 4 anos de experiência),,,
79,Front-end,Desenvolvedor(a) Front-end Flutter,Junior - Pleno(2 a 4 anos de experiência),,,
80,Front-end,Desenvolvedor(a) Front-end Angular 8 Pleno (Remoto),Junior - Pleno(2 a 4 anos de experiência),,,
81,Back-end,Desenvolvedor(a) Back-end Java Pleno,Junior - Pleno(2 a 4 anos de experiência),,,
82,Front-end,Desenvolvedor(a) Delphi pleno,Junior - Pleno(2 a 4 anos de experiência),,,
83,Back-end,Desenvolvedor(a) Back-end pleno Java,Pleno - Senior(4 a 6 anos de experiência),,,
84,Back-end,Desenvolvedor(a) Back-end pleno (remoto),Pleno - Senior(4 a 6 anos de experiência),PJ," 10.000,00 "," 12.000,00"
85,Full-stack,Desenvolvedor(a) Full-stack C# Sênior,Senior(Mais de 6 anos de experiência),CLT," 6.000,00 "," 8.000,00"
86,Back-end,Desenvolvedor(a) Back-end júnior Python,Junior(0 a 2 anos de experiência),CLT," 3.500,00 "," 4.000,00"
87,Full-stack,Desenvolvedor(a) Full-stack Java Sênior,Senior(Mais de 6 anos de experiência),CLT," 6.000,00 "," 8.000,00"
88,Data Science,Analista de Dados SQL (remoto),Junior - Pleno(2 a 4 anos de experiência),,,
89,Full-stack,Desenvolvedor(a) PHP Full-stack,Pleno - Senior(4 a 6 anos de experiência),,,
90,Full-stack,Desenvolvedor(a) Full-stack pleno HTML5 (remoto),Junior - Pleno(2 a 4 anos de experiência),CLT," 9.000,00 "," 10.000,00"
91,Full-stack,Desenvolvedor(a) Full-stack júnior,Junior(0 a 2 anos de experiência),,,
92,Front-end,Desenvolvedor(a) Front-end React,Junior - Pleno(2 a 4 anos de experiência),,,
93,Full-stack,Desenvolvedor(a) sênior (remoto) Full-stack,Senior(Mais de 6 anos de experiência),,,
94,Back-end,Desenvolvedor(a) Back-end Ruby on Rails Sênior (Remoto),Pleno - Senior(4 a 6 anos de experiência),,,
95,Front-end,Desenvolvedor(a) Front-end Vue.js,Pleno - Senior(4 a 6 anos de experiência),CLT," 6.600,00 "," 8.600,00"
96,Back-end,Junior Scraping Developer,Junior - Pleno(2 a 4 anos de experiência),,,
97,Front-end,Desenvolvedor(a) Front-end React Sênior,Pleno - Senior(4 a 6 anos de experiência),CLT," 12.000,00 "," 14.000,00"
98,Back-end,Desenvolvedor(a) Back-end Java,Pleno - Senior(4 a 6 anos de experiência),,,
99,Full-stack,Desenvolvedor(a) Full-stack,Pleno - Senior(4 a 6 anos de experiência),CLT," 6.200,00 "," 8.200,00"
100,Mobile,Desenvolvedor(a) Mobile pleno,Pleno - Senior(4 a 6 anos de experiência),,,
101,Full-stack,Senior Game Porting Programmer,Senior(Mais de 6 anos de experiência),CLT," 10.000,00 "," 11.000,00"
102,Mobile,Desenvolvedor(a) Mobile React Native Sênior (Remoto),Senior(Mais de 6 anos de experiência),PJ," 15.000,00 "," 16.500,00"
103,Full-stack,Desenvolvedor(a) SQL,Junior - Pleno(2 a 4 anos de experiência),CLT," 5.000,00 "," 7.000,00"
104,Back-end,Desenvolvedor(a) Back-end .NET (Remoto),Pleno - Senior(4 a 6 anos de experiência),CLT," 8.700,00 "," 9.900,00"
105,Front-end,Desenvolvedor(a) React (remoto),Junior - Pleno(2 a 4 anos de experiência),,,
106,Back-end,Desenvolvedor(a) Back-end Python sênior (remoto),Senior(Mais de 6 anos de experiência),CLT," 10.900,00 "," 12.000,00"
107,Full-stack,Desenvolvedor(a) Full-stack Java,Pleno - Senior(4 a 6 anos de experiência),CLT," 11.000,00 "," 13.000,00"
108,Front-end,Desenvolvedor(a) Front-end Angular (Remoto),Junior - Pleno(2 a 4 anos de experiência),CLT," 7.000,00 "," 8.500,00"
109,Front-end,Desenvolvedor(a) Front-end Angular,Junior - Pleno(2 a 4 anos de experiência),,,
110,Full-stack,Desenvolvedor(a) Full-stack JavaScript,Pleno - Senior(4 a 6 anos de experiência),,,
111,Back-end,Scraping Engineer Mid and Sr level,Pleno - Senior(4 a 6 anos de experiência),,,
112,Data Science,Engenheiro(a) de Dados SQL (remoto),Junior(0 a 2 anos de experiência),PJ," 4.500,00 "," 6.500,00"
113,Front-end,Desenvolvedor(a) Front-end React Native sênior (remoto),Senior(Mais de 6 anos de experiência),CLT," 12.100,00 "," 12.100,00"
114,Mobile,Desenvolvedor(a) Mobile Flutter (Remoto),Junior(0 a 2 anos de experiência),,,
115,Full-stack,Desenvolvedor(a) Full-stack .NET Core,Pleno - Senior(4 a 6 anos de experiência),PJ," 10.000,00 "," 12.000,00"
116,Back-end,Desenvolvedor(a) Back-end Java Sênior (Remoto),Senior(Mais de 6 anos de experiência),,,
117,Back-end,Desenvolvedor(a) Swift (iOS) sênior (remoto),Senior(Mais de 6 anos de experiência),CLT," 10.000,00 "," 12.000,00"
118,Mobile,Desenvolvedor(a) Android Sênior (remoto),Senior(Mais de 6 anos de experiência),,,
119,Front-end,Desenvolvedor(a) Front-end Angular (remoto),Junior - Pleno(2 a 4 anos de experiência),PJ," 4.000,00 "," 6.000,00"
120,Full-stack,Desenvolvedor(a) Delphi Full-stack (remoto),Junior - Pleno(2 a 4 anos de experiência),CLT," 4.000,00 "," 4.600,00"
121,Full-stack,Desenvolvedor(a) Full-stack pleno Unity,Junior - Pleno(2 a 4 anos de experiência),,,
122,Data Science,Analista de BI,Pleno - Senior(4 a 6 anos de experiência),,,
123,Back-end,Desenvolvedor(a) Back-end Python,Pleno - Senior(4 a 6 anos de experiência),,,
124,Back-end,Desenvolvedor(a) ASP.NET pleno,Junior - Pleno(2 a 4 anos de experiência),CLT," 4.400,00 "," 6.400,00"
125,Back-end,Engenheiro de Infra Estrutura Híbrida - AWS,Senior(Mais de 6 anos de experiência),,,
126,Back-end,Desenvolvedor(a) pleno JUnit (remoto),Junior - Pleno(2 a 4 anos de experiência),,,
127,Back-end,Desenvolvedor(a) Back-end .NET Core júnior BJF_18002,Junior(0 a 2 anos de experiência),,,
128,Full-stack,Desenvolvedor(a) Full-stack sênior C# - Nível 1,Pleno - Senior(4 a 6 anos de experiência),CLT," 6.000,00 "," 8.000,00"
129,Full-stack,Desenvolvedor(a) Full-stack pleno C# - Nível 1,Junior - Pleno(2 a 4 anos de experiência),CLT," 3.500,00 "," 5.500,00"
130,Full-stack,Desenvolvedor(a) Java,Junior - Pleno(2 a 4 anos de experiência),CLT," 10.000,00 "," 10.000,00"
131,Front-end,Desenvolvedor(a) Front-end React (remoto),Junior - Pleno(2 a 4 anos de experiência),CLT," 5.200,00 "," 7.200,00"
132,Full-stack,Tech Lead (remoto),Senior(Mais de 6 anos de experiência),CLT," 15.000,00 "," 17.000,00"
133,Front-end,Desenvolvedor(a) Front-end React,Pleno - Senior(4 a 6 anos de experiência),,,
134,Front-end,Desenvolvedor(a) Front-end pleno React,Junior - Pleno(2 a 4 anos de experiência),,,
135,Full-stack,Analista de Sistemas,Pleno - Senior(4 a 6 anos de experiência),,,
136,Back-end,Desenvolvedor(a) Back-end Java júnior (remoto),Junior(0 a 2 anos de experiência),CLT," 4.500,00 "," 6.500,00"
137,Back-end,Desenvolvedor(a) Back-end Java pleno (remoto),Pleno - Senior(4 a 6 anos de experiência),CLT," 8.100,00 "," 9.000,00"
138,Mobile,Desenvolvedor(a) Mobile Kotlin (remoto),Junior - Pleno(2 a 4 anos de experiência),,,
139,Full-stack,Desenvolvedor(a) SAP,Junior - Pleno(2 a 4 anos de experiência),CLT," 10.700,00 "," 12.700,00"
140,Back-end,Desenvolvedor(a) Java sênior (remoto),Senior(Mais de 6 anos de experiência),CLT," 12.000,00 "," 14.000,00"
141,Full-stack,Desenvolvedor(a) Full-stack .NET Core,Pleno - Senior(4 a 6 anos de experiência),CLT," 8.000,00 "," 10.000,00"
142,Front-end,Desenvolvedor(a) Front-end AngularJS (remoto),Pleno - Senior(4 a 6 anos de experiência),,,
143,Back-end,Desenvolvedor(a) Back-end Java sênior (remoto),Senior(Mais de 6 anos de experiência),CLT," 11.300,00 "," 12.000,00"
144,Full-stack,Líder Técnico,Junior - Pleno(2 a 4 anos de experiência),CLT," 8.500,00 "," 10.500,00"
145,Full-stack,Desenvolvedor(a) C# Full-stack (remoto),Pleno - Senior(4 a 6 anos de experiência),PJ," 8.000,00 "," 10.000,00"
146,Back-end,Senior Engineering Manager - Data Engineering,Pleno - Senior(4 a 6 anos de experiência),,,
147,Data Science,Engenheiro(a) de Dados (remoto) SQL pleno,Junior - Pleno(2 a 4 anos de experiência),CLT," 11.500,00 "," 13.500,00"
148,Back-end,Desenvolvedor(a) Back-end sênior JAVA EE (remoto),Senior(Mais de 6 anos de experiência),CLT," 6.000,00 "," 8.000,00"
149,Full-stack,Desenvolvedor(a) Full-stack Java,Pleno - Senior(4 a 6 anos de experiência),CLT," 8.500,00 "," 10.500,00"
150,Back-end,Desenvolvedor(a) Back-end .NET,Pleno - Senior(4 a 6 anos de experiência),,,
151,Front-end,Desenvolvedor(a) Front-end JavaScript,Pleno - Senior(4 a 6 anos de experiência),,,
152,Data Science,Engenheiro(a) de Dados Data science (remoto),Junior - Pleno(2 a 4 anos de experiência),,,
153,Front-end,Desenvolvedor(a) Front-end React (remoto),Pleno - Senior(4 a 6 anos de experiência),CLT," 5.000,00 "," 7.000,00"
154,Full-stack,Desenvolvedor(a) Full-stack .NET (remoto),Pleno - Senior(4 a 6 anos de experiência),CLT," 7.500,00 "," 9.500,00"
155,Full-stack,Desenvolvedor(a) Full-stack sênior (remoto),Senior(Mais de 6 anos de experiência),,,
156,Back-end,Desenvolvedor(a) PHP pleno (remoto),Junior - Pleno(2 a 4 anos de experiência),PJ," 8.000,00 "," 10.000,00"
157,Full-stack,Desenvolvedor(a) Full-stack sênior,Senior(Mais de 6 anos de experiência),,,
158,Back-end,Desenvolvedor(a) Back-end pleno (remoto),Junior - Pleno(2 a 4 anos de experiência),CLT," 5.000,00 "," 6.000,00"
159,Front-end,Desenvolvedor(a) Front-end pleno React,Junior - Pleno(2 a 4 anos de experiência),,,
160,Full-stack,Desenvolvedor(a) Full-stack Ruby on Rails júnior (remoto),Junior(0 a 2 anos de experiência),,,
161,Mobile,Desenvolvedor(a) Mobile React (remoto),Pleno - Senior(4 a 6 anos de experiência),,,
162,Back-end,Desenvolvedor(a) Java Back-end sênior (remoto),Senior(Mais de 6 anos de experiência),CLT," 10.000,00 "," 12.000,00"
163,Back-end,Desenvolvedor(a) Java Back-end pleno (remoto),Pleno - Senior(4 a 6 anos de experiência),CLT," 8.000,00 "," 10.000,00"
164,Back-end,Desenvolvedor(a) Back-end pleno Java (13),Junior - Pleno(2 a 4 anos de experiência),,,
165,Front-end,Desenvolvedor(a) Front-end .NET,Pleno - Senior(4 a 6 anos de experiência),,,
166,Back-end,Desenvolvedor(a) Back-end Node.js Pleno (Remoto),Pleno - Senior(4 a 6 anos de experiência),,,
167,Front-end,Desenvolvedor(a) Front-end React Sênior (Remoto),Senior(Mais de 6 anos de experiência),CLT," 12.000,00 "," 12.000,00"
168,Back-end,Desenvolvedor(a) Back-end .NET Pleno,Pleno - Senior(4 a 6 anos de experiência),CLT," 6.200,00 "," 7.000,00"
169,Mobile,Desenvolvedor(a) Mobile Swift (iOS) (remoto),Junior - Pleno(2 a 4 anos de experiência),,,
170,Full-stack,Desenvolvedor(a) Full-stack júnior Node.js (remoto),Junior(0 a 2 anos de experiência),CLT," 2.600,00 "," 3.400,00"
171,Full-stack,Desenvolvedor(a) Full-stack,Junior(0 a 2 anos de experiência),,,
172,Full-stack,Desenvolvedor(a) Full-stack,Junior - Pleno(2 a 4 anos de experiência),CLT," 11.000,00 "," 13.000,00"
173,Mobile,Desenvolvedor(a) React Native,Junior - Pleno(2 a 4 anos de experiência),,,
174,Back-end,Analista de Qualidade (QA),Junior - Pleno(2 a 4 anos de experiência),,,
175,Front-end,Desenvolvedor(a) Front-end React,Junior(0 a 2 anos de experiência),CLT," 3.000,00 "," 5.000,00"
176,Back-end,Desenvolvedor(a) Back-end Node.js,Junior(0 a 2 anos de experiência),,,
177,Full-stack,Desenvolvedor(a) Full-stack Node.js Sênior,Senior(Mais de 6 anos de experiência),CLT," 9.500,00 "," 11.500,00"
178,Mobile,Desenvolvedor(a) Mobile Flutter,Junior - Pleno(2 a 4 anos de experiência),,,
179,Back-end,Desenvolvedor(a) Python pleno (remoto),Junior - Pleno(2 a 4 anos de experiência),,,
180,Full-stack,Desenvolvedor(a) Full-stack pleno,Pleno - Senior(4 a 6 anos de experiência),CLT," 6.000,00 "," 8.000,00"
181,Full-stack,"Desenvolvedor(a) Full-stack Java, Angular e Swing Pleno (remoto) 15554",Pleno - Senior(4 a 6 anos de experiência),,,
182,Full-stack,Desenvolvedor(a) Full-stack sênior Java (remoto),Senior(Mais de 6 anos de experiência),,,
183,Front-end,Desenvolvedor(a) Front-end JavaScript (remoto),Junior - Pleno(2 a 4 anos de experiência),CLT," 5.000,00 "," 7.000,00"
184,Full-stack,Desenvolvedor(a) Xamarin,Junior - Pleno(2 a 4 anos de experiência),CLT," 6.600,00 "," 8.600,00"
185,Full-stack,Desenvolvedor(a) Full-stack C# júnior,Junior(0 a 2 anos de experiência),CLT," 2.500,00 "," 4.000,00"
186,Full-stack,Desenvolvedor(a) Full-stack C# Pleno,Junior - Pleno(2 a 4 anos de experiência),,,
187,Front-end,Desenvolvedor(a) React sênior,Senior(Mais de 6 anos de experiência),,,
188,Full-stack,Desenvolvedor(a) Full-stack,Pleno - Senior(4 a 6 anos de experiência),CLT," 7.000,00 "," 9.000,00"
189,Data Science,Cientista de Dados Python Pleno (Remoto),Junior - Pleno(2 a 4 anos de experiência),,,
190,Mobile,Desenvolvedor(a) Mobile React Native,Junior - Pleno(2 a 4 anos de experiência),CLT," 5.000,00 "," 7.000,00"
191,Front-end,Desenvolvedor(a) AngularJS,Junior - Pleno(2 a 4 anos de experiência),,,
192,Back-end,Desenvolvedor(a) AWS (remoto),Pleno - Senior(4 a 6 anos de experiência),CLT," 8.300,00 "," 10.300,00"
193,Front-end,Desenvolvedor(a) Front-end JavaScript (remoto),Pleno - Senior(4 a 6 anos de experiência),CLT," 8.500,00 "," 10.300,00"
194,Front-end,Application Architect-Java (remoto),Senior(Mais de 6 anos de experiência),CLT," 12.700,00 "," 14.700,00"
195,Full-stack,Desenvolvedor(a) Full-stack sênior,Senior(Mais de 6 anos de experiência),,,
196,Front-end,Desenvolvedor(a) Front-end React Native Pleno (Remoto),Junior - Pleno(2 a 4 anos de experiência),,,
197,Front-end,Desenvolvedor(a) Front-end React (Remoto),Junior - Pleno(2 a 4 anos de experiência),CLT," 4.000,00 "," 6.000,00"
198,Back-end,Desenvolvedor(a) Back-end Java,Pleno - Senior(4 a 6 anos de experiência),,,
199,Back-end,Desenvolvedor(a) ASP.NET Core (remoto),Pleno - Senior(4 a 6 anos de experiência),CLT," 9.500,00 "," 10.000,00"
200,Back-end,Desenvolvedor(a) Back-end .NET Core pleno (remoto) 15554,Pleno - Senior(4 a 6 anos de experiência),,,
201,Back-end,"Desenvolvedor(a) Back-end Java, Spring boot e Weblogic Pleno (Remoto) 15554",Pleno - Senior(4 a 6 anos de experiência),,,
202,Full-stack,Desenvolvedor(a) Full-stack JavaScript e Angular Sênior (Remoto) 15554,Pleno - Senior(4 a 6 anos de experiência),,,
203,Full-stack,"Desenvolvedor(a) Full-stack Python, React. Js e Django Pleno (Remoto) 15554",Pleno - Senior(4 a 6 anos de experiência),,,
204,Full-stack,Desenvolvedor(a) Full-stack Java e AngularJS Pleno (Remoto) 15554,Pleno - Senior(4 a 6 anos de experiência),,,
205,Full-stack,Analista de Sistemas Java/C# Sr (remoto),Pleno - Senior(4 a 6 anos de experiência),CLT," 7.600,00 "," 8.000,00"
206,Full-stack,"Desenvolvedor(a) Full-stack JPA, Java FX e Java Swing (Remoto) 15554",Pleno - Senior(4 a 6 anos de experiência),,,
207,Full-stack,Analista de Sistemas Java/C# Pl (Remoto),Junior - Pleno(2 a 4 anos de experiência),CLT," 5.600,00 "," 6.600,00"
208,Full-stack,"Desenvolvedor(a) Full-stack Java, Spring boot, Angular e Weblogic Sênior (Remoto) 15554",Pleno - Senior(4 a 6 anos de experiência),,,
209,Back-end,"Desenvolvedor(a) Back-end Java, Grails e Groovy Sênior 15554",Pleno - Senior(4 a 6 anos de experiência),,,
210,Back-end,Desenvolvedor(a) Back-end .NET Sênior 15554,Pleno - Senior(4 a 6 anos de experiência),,,
211,Full-stack,Desenvolvedor(a) Full-stack Java e Angular Senior 15554,Pleno - Senior(4 a 6 anos de experiência),,,
212,Full-stack,Desenvolvedor(a) Full-stack Java Swing Sênior (Remoto) 15554,Pleno - Senior(4 a 6 anos de experiência),,,
213,Full-stack,Analista de Sistemas Java/C# Jr (Remoto),Junior(0 a 2 anos de experiência),CLT," 4.500,00 "," 5.500,00"
214,Back-end,Desenvolvedor(a) Back-end Java 15579,Pleno - Senior(4 a 6 anos de experiência),,,
215,Full-stack,Desenvolvedor(a) Full-stack Java e Angular Pleno (remoto) 15579,Pleno - Senior(4 a 6 anos de experiência),,,
216,Full-stack,Desenvolvedor(a) Full-stack Java e Angular Sênior (remoto) 15579,Pleno - Senior(4 a 6 anos de experiência),,,
217,Back-end,Desenvolvedor(a) AWS,Pleno - Senior(4 a 6 anos de experiência),,,
218,Back-end,Desenvolvedor(a) Back-end .NET Pleno (remoto) 18558,Junior - Pleno(2 a 4 anos de experiência),,,
219,Back-end,Desenvolvedor(a) Front-end Java e Spring Boot Pleno (remoto) 18558,Junior - Pleno(2 a 4 anos de experiência),,,
220,Front-end,Desenvolvedor(a) Front-end,Pleno - Senior(4 a 6 anos de experiência),,,
221,Front-end,Desenvolvedor(a) Front-end Angular Pleno (remoto) 18558,Junior - Pleno(2 a 4 anos de experiência),,,
222,Back-end,Desenvolvedor(a) Back-end Java Pleno (remoto) 18558,Pleno - Senior(4 a 6 anos de experiência),,,
223,Back-end,Desenvolvedor(a) Back-end sênior Django (remoto),Senior(Mais de 6 anos de experiência),,,
224,Full-stack,Desenvolvedor(a) Full-stack Angular e Java Sênior (remoto) 18558,Pleno - Senior(4 a 6 anos de experiência),,,
225,Back-end,Desenvolvedor(a) Back-end Python (remoto),Pleno - Senior(4 a 6 anos de experiência),CLT," 5.200,00 "," 6.500,00"
226,Front-end,Desenvolvedor(a) Front-end React,Junior - Pleno(2 a 4 anos de experiência),,,
227,Back-end,Desenvolvedor(a) Back-end Go (remoto),Pleno - Senior(4 a 6 anos de experiência),PJ," 12.000,00 "," 14.000,00"
228,Front-end,Desenvolvedor(a) Front-end pleno (remoto),Junior - Pleno(2 a 4 anos de experiência),CLT," 3.900,00 "," 4.700,00"
229,Full-stack,Desenvolvedor(a) Full-stack .NET e Angular (remoto) 18325,Pleno - Senior(4 a 6 anos de experiência),,,
230,Full-stack,Desenvolvedor(a) Java Sênior,Pleno - Senior(4 a 6 anos de experiência),CLT," 4.500,00 "," 5.500,00"
231,Mobile,Desenvolvedor(a) Swift (iOS) (remoto),Junior - Pleno(2 a 4 anos de experiência),,,
232,Full-stack,Desenvolvedor(a) Java pleno,Junior - Pleno(2 a 4 anos de experiência),CLT," 3.500,00 "," 4.500,00"
233,Full-stack,Desenvolvedor(a) C# Sênior (remoto),Pleno - Senior(4 a 6 anos de experiência),CLT," 4.500,00 "," 5.500,00"
234,Full-stack,Desenvolvedor(a) Full-stack pleno,Pleno - Senior(4 a 6 anos de experiência),CLT," 3.000,00 "," 5.000,00"
235,Full-stack,Desenvolvedor(a) C# pleno (remoto),Junior - Pleno(2 a 4 anos de experiência),CLT," 3.500,00 "," 4.500,00"
236,Back-end,Desenvolvedor(a) Back-end .NET (remoto),Junior - Pleno(2 a 4 anos de experiência),,,
237,Full-stack,Desenvolvedor(a) Apex,Pleno - Senior(4 a 6 anos de experiência),,,
238,Front-end,Desenvolvedor(a) Front-end Angular (remoto) 17908,Pleno - Senior(4 a 6 anos de experiência),,,
239,Back-end,Desenvolvedor(a) Back-end Python (remoto) 17908,Pleno - Senior(4 a 6 anos de experiência),,,
240,Back-end,Desenvolvedor(a) Back-end Java (remoto) 17908,Pleno - Senior(4 a 6 anos de experiência),,,
241,Full-stack,Desenvolvedor(a) Full-stack JavaScript,Pleno - Senior(4 a 6 anos de experiência),,,
242,Full-stack,Desenvolvedor(a) Full-stack React,Pleno - Senior(4 a 6 anos de experiência),PJ," 10.000,00 "," 12.000,00"
243,Back-end,Desenvolvedor(a) Back-end sênior (remoto),Senior(Mais de 6 anos de experiência),,,
244,Front-end,Desenvolvedor(a) Front-end React,Junior - Pleno(2 a 4 anos de experiência),PJ," 5.000,00 "," 7.000,00"
245,Mobile,Desenvolvedor(a) Kotlin pleno Mobile,Pleno - Senior(4 a 6 anos de experiência),PJ," 10.500,00 "," 12.500,00"
246,Data Science,Analista de Dados VBA,Junior - Pleno(2 a 4 anos de experiência),CLT," 4.500,00 "," 5.000,00"
247,Mobile,Desenvolvedor(a) Mobile React Native (remoto),Junior - Pleno(2 a 4 anos de experiência),PJ," 14.000,00 "," 16.000,00"
248,Full-stack,Desenvolvedor(a) Full-stack .NET Core,Pleno - Senior(4 a 6 anos de experiência),,,
249,Full-stack,Desenvolvedor(a) Full-stack pleno,Pleno - Senior(4 a 6 anos de experiência),,,
250,Full-stack,Desenvolvedor(a) Full-stack pleno,Pleno - Senior(4 a 6 anos de experiência),,,
251,Front-end,Desenvolvedor(a) Front-end Angular (remoto),Pleno - Senior(4 a 6 anos de experiência),,,
252,Back-end,Desenvolvedor(a) C#,Pleno - Senior(4 a 6 anos de experiência),,,
253,Front-end,Desenvolvedor(a) Front-end React (remoto),Junior - Pleno(2 a 4 anos de experiência),PJ," 12.000,00 "," 14.000,00"
254,Full-stack,Desenvolvedor(a) Full-stack Node.js,Pleno - Senior(4 a 6 anos de experiência),,,
255,Full-stack,Desenvolvedor(a) Java Full-stack (remoto),Pleno - Senior(4 a 6 anos de experiência),,,
256,Back-end,Desenvolvedor(a) C#,Junior - Pleno(2 a 4 anos de experiência),CLT," 4.000,00 "," 6.000,00"
257,Full-stack,Desenvolvedor(a) Full-stack Python pleno (remoto),Junior - Pleno(2 a 4 anos de experiência),,,
258,Full-stack,Desenvolvedor(a) Full-stack (remoto) sênior,Senior(Mais de 6 anos de experiência),PJ," 13.000,00 "," 15.000,00"
259,Back-end,Desenvolvedor(a) Back-end Java (remoto),Junior - Pleno(2 a 4 anos de experiência),,,
260,Full-stack,Desenvolvedor(a) WordPress (remoto) Full-stack,Pleno - Senior(4 a 6 anos de experiência),PJ," 9.400,00 "," 11.000,00"
261,Mobile,Desenvolvedor(a) Full-stack Java (Android),Pleno - Senior(4 a 6 anos de experiência),CLT," 6.700,00 "," 8.500,00"
262,Full-stack,Desenvolvedor(a) (remoto) C#,Pleno - Senior(4 a 6 anos de experiência),CLT," 4.700,00 "," 6.700,00"
263,Front-end,Desenvolvedor(a) Front-end Vue.js (remoto),Junior - Pleno(2 a 4 anos de experiência),,,
264,Full-stack,Desenvolvedor(a) Full-stack pleno .NET (remoto),Pleno - Senior(4 a 6 anos de experiência),PJ," 16.000,00 "," 18.000,00"
265,Mobile,Desenvolvedor(a) Swift (iOS),Pleno - Senior(4 a 6 anos de experiência),,,
266,Full-stack,Desenvolvedor(a) Azure pleno,Pleno - Senior(4 a 6 anos de experiência),PJ," 16.000,00 "," 16.000,00"
267,Mobile,Desenvolvedor(a) Mobile pleno (remoto) Java (Android),Pleno - Senior(4 a 6 anos de experiência),,,
268,Data Science,Cientista de Dados sênior Machine learning (remoto),Senior(Mais de 6 anos de experiência),PJ," 15.000,00 "," 17.000,00"
269,Full-stack,Desenvolvedor(a) Full-stack PHP (Remoto),Junior(0 a 2 anos de experiência),CLT," 3.400,00 "," 3.900,00"
270,Front-end,Desenvolvedor(a) WordPress pleno,Pleno - Senior(4 a 6 anos de experiência),PJ," 10.000,00 "," 10.000,00"
271,Front-end,Desenvolvedor(a) Front-end Angular Sênior,Senior(Mais de 6 anos de experiência),PJ," 15.000,00 "," 17.000,00"
272,Front-end,Desenvolvedor(a) Front-end Angular Pleno,Pleno - Senior(4 a 6 anos de experiência),PJ," 14.000,00 "," 16.000,00"
273,Front-end,Desenvolvedor(a) Front-end Magento (remoto),Pleno - Senior(4 a 6 anos de experiência),,,
274,Back-end,Desenvolvedor(a) Back-end C#,Pleno - Senior(4 a 6 anos de experiência),,,
275,Back-end,Desenvolvedor(a) PL/SQL,Pleno - Senior(4 a 6 anos de experiência),,,
276,Full-stack,Desenvolvedor(a) Full-stack (remoto),Junior - Pleno(2 a 4 anos de experiência),,,
277,Full-stack,Desenvolvedor(a) Full-stack Node.js Pleno,Pleno - Senior(4 a 6 anos de experiência),CLT," 13.000,00 "," 15.000,00"
278,Back-end,Desenvolvedor(a) Back-end sênior,Senior(Mais de 6 anos de experiência),CLT," 9.600,00 "," 10.600,00"
279,Full-stack,Desenvolvedor(a) .NET Full-stack pleno,Junior - Pleno(2 a 4 anos de experiência),,,
280,Full-stack,Desenvolvedor(a) Node.js,Junior - Pleno(2 a 4 anos de experiência),CLT," 11.000,00 "," 13.000,00"
281,Full-stack,Desenvolvedor(a) Node.js pleno (remoto),Junior - Pleno(2 a 4 anos de experiência),,,
282,Front-end,Desenvolvedor(a) Front-end Vue.js (Remoto),Senior(Mais de 6 anos de experiência),,,
283,Full-stack,Desenvolvedor(a) Full-stack pleno,Junior - Pleno(2 a 4 anos de experiência),,,
284,Back-end,Desenvolvedor(a) Back-end C# Sênior,Senior(Mais de 6 anos de experiência),PJ," 14.000,00 "," 16.000,00"
285,Front-end,Desenvolvedor(a) Front-end React (Remoto),Junior - Pleno(2 a 4 anos de experiência),,,
286,Front-end,Desenvolvedor(a) Front-end sênior React,Senior(Mais de 6 anos de experiência),,,
287,Front-end,Desenvolvedor(a) Front-end (remoto),Junior - Pleno(2 a 4 anos de experiência),PJ," 3.000,00 "," 5.000,00"
288,Back-end,Desenvolvedor(a) Back-end pleno Node.js (remoto),Pleno - Senior(4 a 6 anos de experiência),,,
289,Back-end,Desenvolvedor(a) Back-end Node.js,Senior(Mais de 6 anos de experiência),,,
290,Mobile,Especialista Mobile,Junior - Pleno(2 a 4 anos de experiência),,,
291,Back-end,Desenvolvedor(a) Back-end Java sênior (remoto),Senior(Mais de 6 anos de experiência),CLT," 9.600,00 "," 11.600,00"
292,Full-stack,Desenvolvedor(a) Full-stack .NET,Pleno - Senior(4 a 6 anos de experiência),CLT," 7.600,00 "," 8.500,00"
293,Front-end,Desenvolvedor(a) Front-end pleno,Pleno - Senior(4 a 6 anos de experiência),CLT," 6.000,00 "," 8.000,00"
294,Full-stack,Desenvolvedor(a) sênior Full-stack,Senior(Mais de 6 anos de experiência),CLT," 8.000,00 "," 10.000,00"
295,Front-end,Desenvolvedor(a) Front-end Linux,Pleno - Senior(4 a 6 anos de experiência),CLT," 8.100,00 "," 10.000,00"
296,Mobile,Desenvolvedor(a) Mobile Swift (iOS) (remoto),Pleno - Senior(4 a 6 anos de experiência),CLT," 13.400,00 "," 14.000,00"
297,Front-end,Desenvolvedor(a) Front-end React Pleno (Remoto),Junior - Pleno(2 a 4 anos de experiência),,,
298,Front-end,Desenvolvedor(a) Front-end React Sênior (Remoto),Senior(Mais de 6 anos de experiência),,,
299,Full-stack,Desenvolvedor(a) COBOL,Junior - Pleno(2 a 4 anos de experiência),,,
300,Front-end,Desenvolvedor(a) Front-end React (Remoto),Pleno - Senior(4 a 6 anos de experiência),PJ," 11.000,00 "," 13.000,00"
301,Full-stack,Programador Pleno,Pleno - Senior(4 a 6 anos de experiência),,,
302,Full-stack,Desenvolvedor(a) Solidity (remoto),Junior - Pleno(2 a 4 anos de experiência),,,
303,Back-end,Programador Júnior,Junior - Pleno(2 a 4 anos de experiência),,,
304,Back-end,Desenvolvedor(a) Back-end pleno Node.js,Junior - Pleno(2 a 4 anos de experiência),PJ," 8.500,00 "," 10.500,00"
305,Back-end,Desenvolvedor(a) Back-end Ruby on Rails (Remoto),Senior(Mais de 6 anos de experiência),CLT," 10.500,00 "," 12.500,00"
306,Mobile,Desenvolvedor(a) Mobile React Native Pleno (Remoto),Pleno - Senior(4 a 6 anos de experiência),PJ," 5.500,00 "," 7.500,00"
307,Full-stack,Desenvolvedor(a) Python pleno,Junior - Pleno(2 a 4 anos de experiência),,,
308,Mobile,Desenvolvedor(a) Mobile,Senior(Mais de 6 anos de experiência),CLT," 10.800,00 "," 12.000,00"
309,Data Science,Cientista de Dados Machine learning,Pleno - Senior(4 a 6 anos de experiência),,,
310,Front-end,Desenvolvedor(a) Salesforce (remoto),Pleno - Senior(4 a 6 anos de experiência),CLT," 11.600,00 "," 13.600,00"
311,Full-stack,Desenvolvedor(a) Full-stack .NET,Pleno - Senior(4 a 6 anos de experiência),CLT," 7.500,00 "," 9.500,00"
312,Back-end,Desenvolvedor(a) Back-end Java sênior,Senior(Mais de 6 anos de experiência),CLT," 10.000,00 "," 10.500,00"
313,Back-end,Desenvolvedor(a) Back-end - Microservices,Junior - Pleno(2 a 4 anos de experiência),CLT," 10.000,00 "," 11.000,00"
314,Full-stack,Desenvolvedor(a) Full-stack JavaScript Pleno (Remoto),Junior - Pleno(2 a 4 anos de experiência),,,
315,Data Science,Engenheiro(a) de Dados sênior SQL (remoto),Senior(Mais de 6 anos de experiência),CLT," 10.000,00 "," 12.000,00"
316,Full-stack,Desenvolvedor(a) Full-stack .NET Core,Junior - Pleno(2 a 4 anos de experiência),,,
317,Full-stack,Desenvolvedor(a) Full-stack Node.js,Pleno - Senior(4 a 6 anos de experiência),CLT," 4.000,00 "," 6.000,00"
318,Full-stack,Desenvolvedor(a) Full-stack Node.js,Junior - Pleno(2 a 4 anos de experiência),CLT," 3.900,00 "," 4.800,00"
319,Full-stack,Desenvolvedor(a) Full-stack AWS,Pleno - Senior(4 a 6 anos de experiência),,,
320,Full-stack,Desenvolvedor(a) Full-stack sênior AWS (remoto),Senior(Mais de 6 anos de experiência),CLT," 12.000,00 "," 14.000,00"
321,Full-stack,Desenvolvedor(a) Full-stack PHP (Remoto),Pleno - Senior(4 a 6 anos de experiência),PJ," 4.000,00 "," 6.000,00"
322,Back-end,Desenvolvedor(a) Back-end pleno Python,Junior - Pleno(2 a 4 anos de experiência),,,
323,Front-end,Desenvolvedor(a) Front-end,Junior - Pleno(2 a 4 anos de experiência),,,
324,Full-stack,Desenvolvedor(a) Node.js Full-stack pleno (remoto),Junior - Pleno(2 a 4 anos de experiência),PJ," 6.300,00 "," 8.300,00"
325,Full-stack,Desenvolvedor(a) Full-stack pleno React (remoto),Junior - Pleno(2 a 4 anos de experiência),,,
326,Back-end,Desenvolvedor(a) Back-end Elixir pleno (remoto),Junior - Pleno(2 a 4 anos de experiência),CLT," 4.600,00 "," 6.500,00"
327,Back-end,Desenvolvedor(a) AWS sênior,Pleno - Senior(4 a 6 anos de experiência),CLT," 18.000,00 "," 20.000,00"
328,Back-end,Desenvolvedor(a) Arquitetura de software sênior,Pleno - Senior(4 a 6 anos de experiência),CLT," 18.000,00 "," 20.000,00"
329,Back-end,Desenvolvedor(a) Back-end Docker Sênior,Pleno - Senior(4 a 6 anos de experiência),CLT," 18.000,00 "," 20.000,00"
330,Full-stack,Desenvolvedor(a) Full-stack sênior,Pleno - Senior(4 a 6 anos de experiência),CLT," 15.000,00 "," 17.000,00"
331,Front-end,Desenvolvedor(a) Front-end sênior,Pleno - Senior(4 a 6 anos de experiência),CLT," 15.000,00 "," 17.000,00"
332,Full-stack,Desenvolvedor(a) Full-stack TypeScript Sênior (Remoto),Senior(Mais de 6 anos de experiência),,,
333,Back-end,Desenvolvedor(a) Back-end Ruby (remoto),Junior - Pleno(2 a 4 anos de experiência),,,
334,Front-end,Desenvolvedor(a) pleno Front-end NextJS (remoto),Pleno - Senior(4 a 6 anos de experiência),PJ," 2.000,00 "," 4.000,00"
335,Front-end,Desenvolvedor(a) Back-end Node.js,Senior(Mais de 6 anos de experiência),CLT," 6.500,00 "," 8.000,00"
336,Full-stack,Desenvolvedor(a) Full-stack ASP.NET Core Sênior,Pleno - Senior(4 a 6 anos de experiência),CLT," 8.000,00 "," 10.000,00"
337,Mobile,Desenvolvedor(a) Mobile sênior (remoto),Senior(Mais de 6 anos de experiência),CLT," 13.000,00 "," 15.000,00"
338,Front-end,Desenvolvedor(a) Front-end React sênior,Senior(Mais de 6 anos de experiência),CLT," 11.000,00 "," 13.000,00"
339,Full-stack,Desenvolvedor(a) Full-stack pleno PHP (remoto),Junior - Pleno(2 a 4 anos de experiência),,,
340,Front-end,Desenvolvedor(a) Front-end Vue.js (Remoto),Pleno - Senior(4 a 6 anos de experiência),,,
341,Front-end,Desenvolvedor(a) Front-end Angular (remoto),Pleno - Senior(4 a 6 anos de experiência),,,
342,Mobile,Desenvolvedor(a) Mobile Swift (iOS),Pleno - Senior(4 a 6 anos de experiência),CLT," 11.200,00 "," 13.000,00"
343,Full-stack,Desenvolvedor(a) Full-stack .NET Sênior (Remoto),Senior(Mais de 6 anos de experiência),PJ," 12.000,00 "," 14.000,00"
344,Full-stack,Desenvolvedor(a) Full-stack,Junior - Pleno(2 a 4 anos de experiência),CLT," 10.000,00 "," 12.000,00"
345,Back-end,Desenvolvedor(a) Back-end (remoto) Node.js,Junior - Pleno(2 a 4 anos de experiência),,,
346,Mobile,Desenvolvedor(a) Mobile (remoto),Junior - Pleno(2 a 4 anos de experiência),CLT," 12.600,00 "," 12.900,00"
347,Front-end,Desenvolvedor(a) Front-end React (remoto),Pleno - Senior(4 a 6 anos de experiência),CLT," 8.500,00 "," 10.500,00"
348,Back-end,Desenvolvedor(a) Back-end pleno Laravel (remoto),Pleno - Senior(4 a 6 anos de experiência),PJ," 4.500,00 "," 5.500,00"
349,Mobile,Desenvolvedor(a) Mobile pleno,Junior - Pleno(2 a 4 anos de experiência),CLT," 11.000,00 "," 12.000,00"
350,Front-end,Desenvolvedor(a) Front-end sênior (remoto),Senior(Mais de 6 anos de experiência),PJ," 11.000,00 "," 13.000,00"
351,Back-end,Líder técnico Back End,Senior(Mais de 6 anos de experiência),CLT," 20.000,00 "," 20.000,00"
352,Full-stack,Desenvolvedor(a) Ruby on Rails Full-stack pleno (remoto),Junior - Pleno(2 a 4 anos de experiência),PJ," 7.100,00 "," 9.000,00"
353,Front-end,Desenvolvedor(a) Front-end React Sênior (remoto),Pleno - Senior(4 a 6 anos de experiência),PJ," 7.000,00 "," 12.000,00"
354,Front-end,Desenvolvedor(a) PHP júnior (remoto),Junior(0 a 2 anos de experiência),CLT," 2.500,00 "," 3.500,00"
355,Full-stack,Desenvolvedor(a) Full-stack sênior .NET Core (remoto),Senior(Mais de 6 anos de experiência),CLT," 8.000,00 "," 9.000,00"
356,Back-end,Desenvolvedor(a) Back-end AWS,Pleno - Senior(4 a 6 anos de experiência),,,
357,Back-end,Desenvolvedor(a) Back-end Python (remoto),Pleno - Senior(4 a 6 anos de experiência),,,
358,Back-end,Desenvolvedor(a) Apex (remoto),Junior - Pleno(2 a 4 anos de experiência),CLT," 6.100,00 "," 8.100,00"
359,Mobile,Desenvolvedor(a) Mobile sênior,Senior(Mais de 6 anos de experiência),CLT," 10.500,00 "," 12.500,00"
360,Back-end,Desenvolvedor(a) Back-end Node.js (remoto),Pleno - Senior(4 a 6 anos de experiência),CLT," 8.600,00 "," 10.600,00"
361,Full-stack,Desenvolvedor(a) Full-stack,Junior - Pleno(2 a 4 anos de experiência),PJ," 4.000,00 "," 5.800,00"
362,Back-end,Desenvolvedor(a) Back-end pleno,Pleno - Senior(4 a 6 anos de experiência),CLT," 4.500,00 "," 6.500,00"
363,Data Science,Analista de BI (remoto) Power BI,Junior(0 a 2 anos de experiência),PJ," 7.200,00 "," 9.000,00"
364,Back-end,Desenvolvedor(a) .NET (remoto),Junior - Pleno(2 a 4 anos de experiência),CLT," 4.000,00 "," 6.000,00"
365,Back-end,Desenvolvedor(a) Back-end Java pleno,Junior - Pleno(2 a 4 anos de experiência),,,
366,Full-stack,Desenvolvedor(a) Full-stack pleno,Junior - Pleno(2 a 4 anos de experiência),,,
367,Full-stack,Desenvolvedor(a) Full-stack,Pleno - Senior(4 a 6 anos de experiência),,,
368,Front-end,Desenvolvedor(a) Front-end JavaScript Pleno/ Sênior,Pleno - Senior(4 a 6 anos de experiência),CLT," 8.000,00 "," 10.000,00"
369,Data Science,Cientista de Dados (remoto) Python,Junior - Pleno(2 a 4 anos de experiência),PJ," 8.000,00 "," 10.000,00"
370,Full-stack,Desenvolvedor(a) Full-stack Django pleno (remoto),Junior - Pleno(2 a 4 anos de experiência),PJ," 11.000,00 "," 12.000,00"
371,Full-stack,Desenvolvedor(a) Full-stack Java (20),Junior - Pleno(2 a 4 anos de experiência),CLT," 4.800,00 "," 6.800,00"
372,Back-end,Desenvolvedor(a) Back-end C# (remoto),Pleno - Senior(4 a 6 anos de experiência),,,
373,Mobile,Desenvolvedor(a) Mobile,Pleno - Senior(4 a 6 anos de experiência),CLT," 7.000,00 "," 9.000,00"
374,Full-stack,Desenvolvedor(a) Drupal Full-stack pleno (remoto),Pleno - Senior(4 a 6 anos de experiência),,,
375,Back-end,Desenvolvedor(a) Back-end Delphi Sênior,Senior(Mais de 6 anos de experiência),,,
376,Back-end,Desenvolvedor(a) Back-end Java Pleno (Remoto),Pleno - Senior(4 a 6 anos de experiência),,,
377,Mobile,Desenvolvedor(a) Mobile React Native,Pleno - Senior(4 a 6 anos de experiência),,,
378,Back-end,Desenvolvedor(a) Back-end Java Sênior (Remoto),Senior(Mais de 6 anos de experiência),,,
379,Back-end,Desenvolvedor(a) Python,Junior - Pleno(2 a 4 anos de experiência),,,
380,Mobile,Desenvolvedor(a) Mobile (remoto) Java (Android),Pleno - Senior(4 a 6 anos de experiência),,,
381,Back-end,Desenvolvedor(a) Back-end Node.js (remoto),Senior(Mais de 6 anos de experiência),,,
382,Full-stack,Tech Lead,Junior - Pleno(2 a 4 anos de experiência),PJ," 6.100,00 "," 8.000,00"
383,Back-end,Desenvolvedor(a) Java sênior,Pleno - Senior(4 a 6 anos de experiência),PJ," 12.000,00 "," 14.000,00"
384,Full-stack,Desenvolvedor(a) sênior Full-stack,Senior(Mais de 6 anos de experiência),PJ," 14.000,00 "," 16.000,00"
385,Full-stack,Desenvolvedor(a) Full-stack .NET (remoto) (17908),Pleno - Senior(4 a 6 anos de experiência),,,
386,Front-end,Desenvolvedor(a) Front-end júnior (remoto),Junior(0 a 2 anos de experiência),,,
387,Back-end,Desenvolvedor(a) Back-end pleno (remoto),Junior - Pleno(2 a 4 anos de experiência),CLT," 3.000,00 "," 5.000,00"
388,Full-stack,Desenvolvedor(a) Full-stack Java Pleno (Remoto),Junior - Pleno(2 a 4 anos de experiência),,,
389,Mobile,Desenvolvedor(a) Mobile Java (Android),Pleno - Senior(4 a 6 anos de experiência),,,
390,Back-end,Desenvolvedor(a) Back-end pleno Java,Junior - Pleno(2 a 4 anos de experiência),PJ," 7.000,00 "," 8.000,00"
391,Back-end,Desenvolvedor(a) Back-end Java pleno,Junior - Pleno(2 a 4 anos de experiência),,,
392,Back-end,Desenvolvedor(a) Java (remoto),Pleno - Senior(4 a 6 anos de experiência),CLT," 9.400,00 "," 11.100,00"
393,Full-stack,Desenvolvedor(a) Full-stack Java,Junior(0 a 2 anos de experiência),CLT," 3.800,00 "," 4.900,00"
394,Back-end,Tech Lead Java (remoto),Senior(Mais de 6 anos de experiência),CLT," 13.000,00 "," 15.000,00"
395,Front-end,Desenvolvedor(a) Front-end pleno (remoto),Junior - Pleno(2 a 4 anos de experiência),PJ," 6.500,00 "," 8.500,00"
396,Front-end,Desenvolvedor(a) Front-end júnior (remoto),Junior(0 a 2 anos de experiência),PJ," 2.500,00 "," 4.500,00"
397,Full-stack,Desenvolvedor(a) Full-stack .NET Core Júnior (Remoto),Junior(0 a 2 anos de experiência),PJ," 3.000,00 "," 5.000,00"
398,Full-stack,Desenvolvedor(a) Full-stack .NET (Remoto),Pleno - Senior(4 a 6 anos de experiência),PJ," 9.000,00 "," 11.000,00"
399,Back-end,Desenvolvedor(a) Java sênior Back-end,Senior(Mais de 6 anos de experiência),CLT," 20.000,00 "," 20.000,00"
400,Data Science,Engenheiro(a) de Dados Python (remoto),Pleno - Senior(4 a 6 anos de experiência),CLT," 4.000,00 "," 6.000,00"
401,Back-end,Tech Lead,Pleno - Senior(4 a 6 anos de experiência),,,
402,Full-stack,Desenvolvedor(a) Full-stack Java (remoto),Pleno - Senior(4 a 6 anos de experiência),CLT," 11.200,00 "," 12.000,00"
403,Full-stack,Desenvolvedor(a) Java Full-stack (remoto),Pleno - Senior(4 a 6 anos de experiência),CLT," 11.000,00 "," 12.000,00"
404,Front-end,Desenvolvedor(a) Front-end React (Remoto),Junior - Pleno(2 a 4 anos de experiência),PJ," 7.000,00 "," 9.000,00"
405,Full-stack,Desenvolvedor(a) Full-stack,Junior - Pleno(2 a 4 anos de experiência),,,
406,Full-stack,Desenvolvedor(a) PHP,Junior - Pleno(2 a 4 anos de experiência),,,
407,Full-stack,Desenvolvedor(a) Full-stack pleno (remoto),Pleno - Senior(4 a 6 anos de experiência),CLT," 5.332,00 "," 7.300,00"
408,Full-stack,Desenvolvedor(a) Full-stack,Pleno - Senior(4 a 6 anos de experiência),CLT," 9.000,00 "," 11.000,00"
409,Back-end,Desenvolvedor(a) Java,Junior - Pleno(2 a 4 anos de experiência),CLT," 10.400,00 "," 12.400,00"
410,Back-end,Desenvolvedor(a) pleno Java,Junior - Pleno(2 a 4 anos de experiência),CLT," 5.000,00 "," 6.000,00"
411,Front-end,Desenvolvedor(a) Front-end Angular 8 pleno (remoto),Junior - Pleno(2 a 4 anos de experiência),PJ," 8.000,00 "," 10.000,00"
412,Back-end,Desenvolvedor(a) Back-end pleno PHP (remoto),Pleno - Senior(4 a 6 anos de experiência),PJ," 7.000,00 "," 9.000,00"
413,Mobile,Desenvolvedor(a) Flutter pleno (remoto),Junior - Pleno(2 a 4 anos de experiência),PJ," 8.100,00 "," 10.000,00"
414,Front-end,Desenvolvedor(a) Front-end sênior (remoto),Senior(Mais de 6 anos de experiência),CLT," 12.000,00 "," 14.000,00"
415,Full-stack,Desenvolvedor(a) Full-stack Java Sênior,Senior(Mais de 6 anos de experiência),CLT," 10.000,00 "," 12.000,00"
416,Back-end,Desenvolvedor(a) Back-end,Pleno - Senior(4 a 6 anos de experiência),PJ," 16.000,00 "," 18.000,00"
417,Full-stack,Desenvolvedor(a) Full-stack Java pleno (remoto),Junior - Pleno(2 a 4 anos de experiência),CLT," 6.900,00 "," 8.000,00"
418,Back-end,Desenvolvedor(a) Back-end .NET Core (remoto),Pleno - Senior(4 a 6 anos de experiência),,,
419,Full-stack,Desenvolvedor(a) Full-stack,Junior(0 a 2 anos de experiência),CLT," 3.000,00 "," 4.000,00"
420,Back-end,Desenvolvedor(a) Delphi Back-end,Pleno - Senior(4 a 6 anos de experiência),,,
421,Back-end,Desenvolvedor(a) Back-end .NET Core Pleno,Junior - Pleno(2 a 4 anos de experiência),CLT," 6.000,00 "," 8.000,00"
422,Back-end,Desenvolvedor(a) Back-end Node.js sênior,Senior(Mais de 6 anos de experiência),CLT," 11.000,00 "," 13.000,00"
423,Back-end,Desenvolvedor(a) Back-end Node.js pleno (remoto),Pleno - Senior(4 a 6 anos de experiência),CLT," 8.000,00 "," 10.000,00"
424,Data Science,Desenvolvedor ETL Pleno,Pleno - Senior(4 a 6 anos de experiência),CLT," 4.000,00 "," 6.000,00"
425,Front-end,Desenvolvedor(a) Front-end React Pleno,Junior - Pleno(2 a 4 anos de experiência),CLT," 3.300,00 "," 5.300,00"
426,Full-stack,Desenvolvedor(a) Full-stack,Junior - Pleno(2 a 4 anos de experiência),CLT," 6.000,00 "," 7.500,00"
427,Back-end,Desenvolvedor(a) Back-end pleno Java,Junior - Pleno(2 a 4 anos de experiência),PJ," 8.000,00 "," 10.000,00"
428,Full-stack,Desenvolvedor(a) Java,Junior - Pleno(2 a 4 anos de experiência),CLT," 8.000,00 "," 10.000,00"
429,Back-end,Desenvolvedor(a) Back-end Node.js (remoto),Junior - Pleno(2 a 4 anos de experiência),PJ," 11.200,00 "," 13.000,00"
430,Full-stack,Desenvolvedor(a) Full-stack React (Remoto),Pleno - Senior(4 a 6 anos de experiência),PJ," 10.000,00 "," 12.000,00"
431,Back-end,Desenvolvedor(a) pleno Back-end PHP,Junior - Pleno(2 a 4 anos de experiência),,,
432,Full-stack,Desenvolvedor(a) Full-stack pleno Java (remoto),Pleno - Senior(4 a 6 anos de experiência),PJ," 6.000,00 "," 8.000,00"
433,Front-end,Desenvolvedor(a) Front-end C#,Junior(0 a 2 anos de experiência),,,
434,Data Science,Engenheiro(a) de Dados AWS,Junior - Pleno(2 a 4 anos de experiência),,,
435,Full-stack,Desenvolvedor(a) .NET sênior,Senior(Mais de 6 anos de experiência),CLT," 11.000,00 "," 11.040,00"
436,Front-end,Desenvolvedor(a) Front-end pleno (remoto),Junior - Pleno(2 a 4 anos de experiência),,,
437,Back-end,Desenvolvedor(a) Python pleno Back-end (remoto),Junior - Pleno(2 a 4 anos de experiência),,,
438,Mobile,Desenvolvedor(a) Mobile Flutter pleno,Junior - Pleno(2 a 4 anos de experiência),CLT," 4.000,00 "," 6.000,00"
439,Back-end,Desenvolvedor(a) Back-end Java (remoto) sênior,Senior(Mais de 6 anos de experiência),PJ," 15.700,00 "," 17.700,00"
440,Back-end,Desenvolvedor(a) Back-end Node.js Sênior,Senior(Mais de 6 anos de experiência),CLT," 11.000,00 "," 13.000,00"
441,Front-end,Desenvolvedor(a) Front-end React Sênior,Senior(Mais de 6 anos de experiência),CLT," 11.000,00 "," 13.000,00"
442,Back-end,Desenvolvedor(a) Back-end Node.js Pleno,Pleno - Senior(4 a 6 anos de experiência),CLT," 8.000,00 "," 10.000,00"
443,Front-end,Desenvolvedor(a) Front-end React Pleno,Pleno - Senior(4 a 6 anos de experiência),CLT," 8.000,00 "," 10.000,00"
444,Mobile,Desenvolvedor(a) Mobile Java (Android) pleno,Junior - Pleno(2 a 4 anos de experiência),,,
445,Full-stack,Desenvolvedor(a) Full-stack Java (remoto),Pleno - Senior(4 a 6 anos de experiência),CLT," 9.000,00 "," 10.000,00"
446,Back-end,Pessoa Engenheira Back-end (Remoto),Senior(Mais de 6 anos de experiência),,,
447,Mobile,Desenvolvedor(a) Kotlin pleno (remoto),Junior - Pleno(2 a 4 anos de experiência),CLT," 5.000,00 "," 7.000,00"
448,Full-stack,Desenvolvedor(a) pleno Full-stack,Junior - Pleno(2 a 4 anos de experiência),,,
449,Back-end,Desenvolvedor(a) Back-end Java pleno,Junior - Pleno(2 a 4 anos de experiência),PJ," 6.000,00 "," 7.500,00"
450,Front-end,Desenvolvedor(a) Front-end JavaScript,Junior - Pleno(2 a 4 anos de experiência),,,
451,Back-end,Desenvolvedor(a) Back-end PHP pleno (remoto),Pleno - Senior(4 a 6 anos de experiência),PJ," 24.000,00 "," 26.000,00"
452,Full-stack,Tech Lead (remoto),Pleno - Senior(4 a 6 anos de experiência),PJ," 18.000,00 "," 20.000,00"
453,Full-stack,Desenvolvedor Devops Cloud Pleno,Junior - Pleno(2 a 4 anos de experiência),CLT," 9.000,00 "," 10.000,00"
454,Full-stack,Desenvolvedor(a) Full-stack Java,Junior - Pleno(2 a 4 anos de experiência),CLT," 5.000,00 "," 6.500,00"
455,Full-stack,Full Stack Ruby Developer,Pleno - Senior(4 a 6 anos de experiência),PJ," 8.000,00 "," 10.000,00"
456,Full-stack,Desenvolvedor(a) Full-stack Python pleno (remoto),Junior - Pleno(2 a 4 anos de experiência),CLT," 5.000,00 "," 6.000,00"
457,Back-end,Desenvolvedor(a) Back-end C# (Remoto),Junior - Pleno(2 a 4 anos de experiência),PJ," 4.000,00 "," 6.000,00"
458,Full-stack,Desenvolvedor(a) Full-stack .NET (remoto),Senior(Mais de 6 anos de experiência),,,
459,Back-end,Desenvolvedor(a) Back-end Python sênior (remoto),Senior(Mais de 6 anos de experiência),PJ," 11.800,00 "," 13.800,00"
460,Full-stack,Desenvolvedor(a) Java Sênior (Remoto),Senior(Mais de 6 anos de experiência),CLT," 10.000,00 "," 10.300,00"
461,Back-end,Desenvolvedor(a) júnior Back-end .NET Core,Junior(0 a 2 anos de experiência),CLT," 3.500,00 "," 5.500,00"
462,Back-end,Desenvolvedor(a) C#,Pleno - Senior(4 a 6 anos de experiência),PJ," 10.000,00 "," 12.000,00"
463,Back-end,Desenvolvedor(a) Back-end júnior,Junior(0 a 2 anos de experiência),CLT," 5.000,00 "," 6.500,00"
464,Full-stack,Desenvolvedor(a) Full-stack .NET (Remoto),Pleno - Senior(4 a 6 anos de experiência),CLT," 6.800,00 "," 8.800,00"
465,Front-end,Desenvolvedor(a) Front-end React Pleno (Remoto),Pleno - Senior(4 a 6 anos de experiência),PJ," 13.000,00 "," 15.000,00"
466,Back-end,Desenvolvedor(a) Back-end Java,Pleno - Senior(4 a 6 anos de experiência),CLT," 6.500,00 "," 8.500,00"
467,Back-end,Desenvolvedor(a) Back-end pleno C#,Junior - Pleno(2 a 4 anos de experiência),,,
468,Front-end,Desenvolvedor(a) Front-end pleno,Junior - Pleno(2 a 4 anos de experiência),CLT," 5.900,00 "," 7.600,00"
469,Back-end,Desenvolvedor(a) Back-end pleno Node.js (remoto),Pleno - Senior(4 a 6 anos de experiência),PJ," 13.000,00 "," 15.000,00"
470,Data Science,Engenheiro(a) de Dados AWS,Senior(Mais de 6 anos de experiência),,,
471,Front-end,Desenvolvedor(a) Front-end React Pleno (Remoto),Junior - Pleno(2 a 4 anos de experiência),PJ," 5.000,00 "," 7.000,00"
472,Back-end,Desenvolvedor(a) Back-end Node.js Pleno (Remoto),Junior - Pleno(2 a 4 anos de experiência),PJ," 5.000,00 "," 7.000,00"
473,Mobile,Desenvolvedor(a) Mobile Flutter Pleno,Junior - Pleno(2 a 4 anos de experiência),,,
474,Back-end,Desenvolvedor(a) Back-end Node.js sênior (remoto),Senior(Mais de 6 anos de experiência),,,
475,Full-stack,Desenvolvedor(a) Full-stack Node.js,Pleno - Senior(4 a 6 anos de experiência),CLT," 4.900,00 "," 6.500,00"
476,Back-end,Desenvolvedor(a) Back-end pleno (remoto),Junior - Pleno(2 a 4 anos de experiência),,,
477,Mobile,Analista de Q.A.,Junior(0 a 2 anos de experiência),CLT," 6.000,00 "," 8.000,00"
478,Back-end,Desenvolvedor(a) sênior .NET,Senior(Mais de 6 anos de experiência),PJ," 15.000,00 "," 17.000,00"
479,Back-end,Desenvolvedor(a) Back-end,Junior(0 a 2 anos de experiência),PJ," 3.000,00 "," 5.000,00"
480,Full-stack,Desenvolvedor(a) Full-stack Java pleno (remoto),Senior(Mais de 6 anos de experiência),PJ," 12.500,00 "," 13.500,00"
481,Data Science,Engenheiro(a) de Dados ETL,Pleno - Senior(4 a 6 anos de experiência),,,
482,Data Science,Assistente SQL Server,Junior(0 a 2 anos de experiência),,,
483,Front-end,Desenvolvedor(a) Front-end pleno,Junior - Pleno(2 a 4 anos de experiência),CLT," 5.000,00 "," 5.500,00"
484,Full-stack,Desenvolvedor(a) Java sênior (remoto),Senior(Mais de 6 anos de experiência),CLT," 8.000,00 "," 10.000,00"
485,Full-stack,Desenvolvedor(a) pleno (remoto) Full-stack,Pleno - Senior(4 a 6 anos de experiência),PJ," 10.000,00 "," 12.000,00"
486,Full-stack,Desenvolvedor(a) Full-stack React,Pleno - Senior(4 a 6 anos de experiência),PJ," 10.000,00 "," 12.000,00"
487,Full-stack,Desenvolvedor(a) Full-stack .NET,Junior(0 a 2 anos de experiência),CLT," 3.500,00 "," 4.500,00"
488,Full-stack,Desenvolvedor(a) .NET,Junior - Pleno(2 a 4 anos de experiência),CLT," 6.000,00 "," 8.000,00"
489,Full-stack,Desenvolvedor(a) Full-stack C# pleno (remoto),Pleno - Senior(4 a 6 anos de experiência),CLT," 7.000,00 "," 9.000,00"
490,Full-stack,Desenvolvedor(a) Full-stack JavaScript (Remoto) 4-6,Pleno - Senior(4 a 6 anos de experiência),,,
491,Full-stack,Desenvolvedor(a) Full-stack Ruby on Rails Sênior (Remoto),Senior(Mais de 6 anos de experiência),,,
492,Back-end,Desenvolvedor(a) Back-end (remoto),Pleno - Senior(4 a 6 anos de experiência),,,
493,Full-stack,Desenvolvedor(a) Full-stack Ruby on Rails,Pleno - Senior(4 a 6 anos de experiência),CLT," 6.500,00 "," 8.500,00"
494,Front-end,Desenvolvedor(a) Front-end React Native (remoto),Junior - Pleno(2 a 4 anos de experiência),PJ," 9.000,00 "," 11.000,00"
495,Front-end,Desenvolvedor(a) Front-end React Sênior (remoto),Pleno - Senior(4 a 6 anos de experiência),PJ," 11.000,00 "," 12.000,00"
496,Front-end,Desenvolvedor(a) Front-end JavaScript Sênior (Remoto),Senior(Mais de 6 anos de experiência),CLT," 8.000,00 "," 10.000,00"
497,Front-end,Desenvolvedor(a) Front-end React,Junior - Pleno(2 a 4 anos de experiência),,,
498,Full-stack,Desenvolvedor(a) Full-stack Python,Junior - Pleno(2 a 4 anos de experiência),CLT," 2.900,00 "," 4.900,00"
499,Full-stack,Desenvolvedor(a) Full-stack JavaScript Sênior,Senior(Mais de 6 anos de experiência),,,
500,Back-end,Desenvolvedor(a) Back-end Python Pleno (Remoto),Pleno - Senior(4 a 6 anos de experiência),,,
501,Mobile,Desenvolvedor(a) Mobile Kotlin Sênior (Remoto),Senior(Mais de 6 anos de experiência),CLT," 11.000,00 "," 13.000,00"
502,Full-stack,Desenvolvedor(a) Full-stack pleno Ruby on Rails (remoto),Junior - Pleno(2 a 4 anos de experiência),CLT," 5.600,00 "," 7.600,00"
503,Full-stack,Desenvolvedor(a) Full-stack (remoto),Pleno - Senior(4 a 6 anos de experiência),CLT," 9.400,00 "," 10.200,00"
504,Back-end,Desenvolvedor(a) Back-end Node.js Pleno (Remoto),Pleno - Senior(4 a 6 anos de experiência),PJ," 6.000,00 "," 8.000,00"
505,Front-end,Desenvolvedor(a) Front-end CSS3 Pleno,Junior - Pleno(2 a 4 anos de experiência),,,
506,Full-stack,Desenvolvedor(a) Full-stack Java,Junior - Pleno(2 a 4 anos de experiência),CLT," 6.000,00 "," 8.000,00"
507,Front-end,Desenvolvedor(a) Front-end Angular (Remoto),Junior - Pleno(2 a 4 anos de experiência),CLT," 6.000,00 "," 8.000,00"
508,Front-end,Desenvolvedor(a) Front-end React,Junior - Pleno(2 a 4 anos de experiência),CLT," 9.000,00 "," 11.000,00"
509,Back-end,Desenvolvedor(a) C# Back-end pleno,Junior - Pleno(2 a 4 anos de experiência),CLT," 5.000,00 "," 7.000,00"
510,Back-end,Desenvolvedor(a) Back-end Java Sênior (Remoto),Senior(Mais de 6 anos de experiência),,,
511,Mobile,Desenvolvedor(a) iOS Pleno/Sênior,Senior(Mais de 6 anos de experiência),,,
512,Full-stack,Desenvolvedor(a) Full-stack (remoto),Junior - Pleno(2 a 4 anos de experiência),,,
513,Full-stack,Desenvolvedor(a) Full-stack sênior (remoto),Senior(Mais de 6 anos de experiência),,,
514,Front-end,Desenvolvedor(a) Front-end (remoto),Pleno - Senior(4 a 6 anos de experiência),,,
515,Back-end,Desenvolvedor(a) Back-end Node.js (Remoto),Pleno - Senior(4 a 6 anos de experiência),,,
516,Full-stack,Desenvolvedor(a) Full-stack (Node.js / React),Pleno - Senior(4 a 6 anos de experiência),,,
517,Back-end,Desenvolvedor(a) Python,Junior - Pleno(2 a 4 anos de experiência),,,
518,Data Science,Analista de Dados Qlik Sense,Junior - Pleno(2 a 4 anos de experiência),,,
519,Front-end,Desenvolvedor(a) Front-end Angular,Junior - Pleno(2 a 4 anos de experiência),,,
520,Full-stack,Tech Lead/Desenvolvedor(a) Full-stack Node.js Sênior (Remoto),Senior(Mais de 6 anos de experiência),,,
521,Back-end,Desenvolvedor(a) Back-end C# Sênior (Remoto),Senior(Mais de 6 anos de experiência),,,
522,Full-stack,Desenvolvedor(a) ASP.NET Core,Junior - Pleno(2 a 4 anos de experiência),CLT," 5.500,00 "," 6.500,00"
523,Full-stack,Desenvolvedor(a) Full-stack Node.js,Pleno - Senior(4 a 6 anos de experiência),CLT," 6.500,00 "," 8.500,00"
524,Full-stack,Desenvolvedor(a) Full-stack,Senior(Mais de 6 anos de experiência),,,
525,Mobile,Desenvolvedor(a) React Native (remoto) (20),Pleno - Senior(4 a 6 anos de experiência),,,
526,Front-end,Desenvolvedor(a) Angular 10 (remoto),Pleno - Senior(4 a 6 anos de experiência),,,
527,Full-stack,Desenvolvedor(a) Full-stack ASP.NET Core Pleno,Junior - Pleno(2 a 4 anos de experiência),CLT," 5.500,00 "," 7.500,00"
528,Full-stack,Desenvolvedor(a) Full-stack .NET Core,Pleno - Senior(4 a 6 anos de experiência),CLT," 9.000,00 "," 11.000,00"
529,Back-end,Desenvolvedor(a) Back-end,Junior - Pleno(2 a 4 anos de experiência),CLT," 6.500,00 "," 8.000,00"
530,Back-end,Desenvolvedor(a) Java (remoto),Pleno - Senior(4 a 6 anos de experiência),CLT," 10.000,00 "," 12.000,00"
531,Full-stack,Desenvolvedor(a) Full-stack .NET Sênior (Remoto),Senior(Mais de 6 anos de experiência),,,
532,Back-end,Desenvolvedor(a) Back-end Java (Remoto),Pleno - Senior(4 a 6 anos de experiência),CLT," 9.500,00 "," 10.500,00"
533,Back-end,Desenvolvedor(a) Back-end JAVA EE (remoto) 45621,Pleno - Senior(4 a 6 anos de experiência),CLT," 9.500,00 "," 11.000,00"
534,Full-stack,Tech Lead,Pleno - Senior(4 a 6 anos de experiência),CLT," 12.300,00 "," 14.000,00"
535,Front-end,Desenvolvedor(a) React,Junior - Pleno(2 a 4 anos de experiência),CLT," 5.000,00 "," 6.900,00"
536,Front-end,Desenvolvedor(a) Front-end,Pleno - Senior(4 a 6 anos de experiência),,,
537,Full-stack,Desenvolvedor(a) Full-stack Ruby on Rails (Remoto),Pleno - Senior(4 a 6 anos de experiência),PJ," 8.000,00 "," 10.000,00"
538,Full-stack,Desenvolvedor(a) Full-stack pleno,Junior - Pleno(2 a 4 anos de experiência),,,
539,Full-stack,Desenvolvedor(a) Full-stack React (Remoto),Pleno - Senior(4 a 6 anos de experiência),PJ," 8.000,00 "," 10.000,00"
540,Full-stack,Desenvolvedor(a) Full-stack (remoto) PHP pleno/senior,Pleno - Senior(4 a 6 anos de experiência),,,
541,Full-stack,Desenvolvedor(a) Full-stack Python,Junior - Pleno(2 a 4 anos de experiência),,,
542,Back-end,Desenvolvedor(a) Back-end Java pleno (remoto),Junior - Pleno(2 a 4 anos de experiência),CLT," 6.000,00 "," 8.000,00"
543,Full-stack,Desenvolvedor(a) Node.js,Senior(Mais de 6 anos de experiência),,,
544,Back-end,Desenvolvedor(a) .NET Core 8002,Junior - Pleno(2 a 4 anos de experiência),CLT," 6.000,00 "," 8.000,00"
545,Back-end,Desenvolvedor(a) Back-end .NET Sênior (Remoto),Senior(Mais de 6 anos de experiência),,,
546,Back-end,Desenvolvedor(a) Back-end PHP (remoto),Pleno - Senior(4 a 6 anos de experiência),,,
547,Front-end,Desenvolvedor(a) Front-end Vue.js (remoto),Pleno - Senior(4 a 6 anos de experiência),,,
548,Full-stack,Desenvolvedor(a) .NET,Pleno - Senior(4 a 6 anos de experiência),CLT," 7.400,00 "," 9.400,00"
549,Full-stack,Tech Lead/Desenvolvedor(a) Full-stack Node.js Sênior (Remoto),Senior(Mais de 6 anos de experiência),,,
550,Back-end,Tech Lead/Desenvolvedor(a) Back-end Node.js Sênior (Remoto),Senior(Mais de 6 anos de experiência),,,
551,Full-stack,Desenvolvedor(a) Full-stack React Pleno (Remoto),Pleno - Senior(4 a 6 anos de experiência),PJ," 5.000,00 "," 7.000,00"
552,Back-end,Desenvolvedor(a) Back-end Node.js (remoto),Pleno - Senior(4 a 6 anos de experiência),PJ," 8.000,00 "," 10.000,00"
553,Full-stack,Pessoa Desenvolvedora FullStack GeekHunter,Pleno - Senior(4 a 6 anos de experiência),,,
554,Back-end,Desenvolvedor(a) Java Back-end,Senior(Mais de 6 anos de experiência),CLT," 6.600,00 "," 8.500,00"
555,Full-stack,Desenvolvedor(a) C# (remoto),Junior(0 a 2 anos de experiência),,,
556,Full-stack,Desenvolvedor(a) Full-stack PHP,Junior(0 a 2 anos de experiência),,,
557,Back-end,Desenvolvedor(a) Back-end Java (remoto),Junior - Pleno(2 a 4 anos de experiência),,,
558,Full-stack,Desenvolvedor(a) Full-stack Node.js Pleno,Junior - Pleno(2 a 4 anos de experiência),CLT," 8.500,00 "," 10.500,00"
559,Back-end,Desenvolvedor(a) Back-end (Remoto),Pleno - Senior(4 a 6 anos de experiência),,,
